,code,location,barcode,[RNA]_ng/uL,A260/A280,A260/A230,n_brains,volume,yield_ng,yield/brain,bkgrnd,treatment,azt_L0,azt,rep,genotype,application
1,B1A,A01,AATGCGGCTTGACC,152,2.07,2.24,5,12,1824,365,b_nd,12L:12D,14,2,a,wildtype,none
2,F7B,A02,ATGGTAATCCAAGG,38,2.02,2.22,4,13,494,124,fh_long,12L:12D,8,20,b,wildtype,none
3,P23A,A03,ACTGTGCAGCTGAG,25,1.98,1.98,4,13,325,81,fh_long,12L:12D,23,11,a,period,none
4,F3C,A04,AACCGCCGAGAAGG,13,2.11,2.01,4,13,169,42,fh_long,12L:12D,20,8,c,wildtype,none
5,BC1,A05,CACATGTATGCACA,42,1.93,1.63,3,13,546,182,b_nd,15L:9D,23,8,a,wildtype,control
6,F6D,A06,CAAGCCAAGGCGAA,28,2.03,2.29,3,13,364,121,fh_long,12L:12D,5,17,d,wildtype,none
7,F4A,A07,ACCGCTCCTACAAG,36,2.05,2.24,4,13,468,117,fh_long,12L:12D,23,11,a,wildtype,none
8,BN2,A08,CCACTTAACTCTGC,131,2.1,2.19,7,12,1572,225,b_nd,12L:8D:2L:2D,23,11,b,wildtype,none
9,B6B,A09,AACCTAGAACCGCG,22,1.87,1.22,3,13,286,95,b_nd,12L:12D,5,17,b,wildtype,none
10,B6C,A10,CATCTCATAGTGAG,35,1.96,1.84,3,13,455,152,b_nd,12L:12D,5,17,c,wildtype,none
11,ZC4,A11,CCAACCTGGAGAAG,11,2.06,1.9,4,13,143,36,bz,15L:9D,23,8,d,wildtype,control
12,P5C,A12,CTCCGAACCAGTAC,17,2.07,1.78,4,13,221,55,fh_long,12L:12D,5,17,c,period,none
13,BJ1,B01,ACACTAGTGCATGA,97,2.08,1.89,4,8,776,194,b_nd,15L:9D,23,8,a,wildtype,methoprene
14,B1B,B02,CACTACTACAGTGC,182,2.11,2.39,5,12,2184,437,b_nd,12L:12D,14,2,b,wildtype,none
15,B3A,B03,AAGAAGCCATAAGG,39,1.95,1.87,4,13,507,127,b_nd,12L:12D,20,8,a,wildtype,none
16,FJ4,B04,CACAGCACTCGACA,18,1.94,1.18,3,8,144,48,fh_long,15L:9D,23,8,d,wildtype,methoprene
17,B8C,B05,CTCCAATGCCATAA,10,2.01,1.49,3,13,130,43,b_nd,12L:12D,11,23,c,wildtype,none
18,F5B,B06,CCTAAGAACCACAC,37,2.03,2.25,4,13,481,120,fh_long,12L:12D,2,14,b,wildtype,none
19,F8B,B07,CAACCTGGTGGCAA,26,2.04,2.19,3,13,338,113,fh_long,12L:12D,11,23,b,wildtype,none
20,B6A,B08,ACTGGAATTGGAGC,70,2.02,2.04,4,13,910,228,b_nd,12L:12D,5,17,a,wildtype,none
21,F7D,B09,CAACGTGCCATGCG,24,2.01,2.27,4,13,312,78,fh_long,12L:12D,8,20,d,wildtype,none
22,FC3,B10,CCTACCAGTATGGC,184,2.1,2.28,8,13,2392,299,fh_long,15L:9D,23,8,c,wildtype,control
23,F4C,B11,TAGAAGCTTATTGG,17,2.09,1.97,4,13,221,55,fh_long,12L:12D,23,11,c,wildtype,none
24,B8B,B12,CTAGCTCTCGTCAG,29,2.04,2.07,3,13,377,126,b_nd,12L:12D,11,23,b,wildtype,none
25,F2C,C01,TCCGTAACCGTTCA,225,2.13,2.36,3,13,NA,0,fh_long,12L:12D,17,5,c,wildtype,none
26,B8A,C02,ATACGATCGCTACG,16,1.96,1.9,4,13,208,52,b_nd,12L:12D,11,23,a,wildtype,none
27,B1C,C03,AACCGGTTGTTAGC,28,1.88,1.58,NA,13,364,NA,b_nd,12L:12D,14,2,c,wildtype,none
28,B3B,C04,AAGCGCTCTCCAGG,35,1.94,1.84,4,13,455,114,b_nd,12L:12D,20,8,b,wildtype,none
29,BJ2,C05,TAGGTGAGGCTTGG,67,2.08,1.81,4,8,536,134,b_nd,15L:9D,23,8,b,wildtype,methoprene
30,F8D,C06,TCAGCGCCGTATGG,23,2.11,1.04,4,13,299,75,fh_long,12L:12D,11,23,d,wildtype,none
31,B5D,C07,CTCCATAACTGCCA,117,2.06,2.05,4,13,1521,380,b_nd,12L:12D,2,14,d,wildtype,none
32,BC4,C08,CACATAGTCGACGA,84,2.01,1.85,5,13,1092,218,b_nd,15L:9D,23,8,d,wildtype,control
33,F5C,C09,ATAGTCACTAGCAC,46,2.04,2.24,4,13,598,150,fh_long,12L:12D,2,14,c,wildtype,none
34,F2A,C10,CAACGGAAGTGAAG,44,2.05,2.17,NA,13,572,NA,fh_long,12L:12D,17,5,a,wildtype,none
35,FN3,C11,AACCTAGAGAACAA,157,2.1,2.34,6,12,1884,314,fh_long,12L:8D:2L:2D,23,11,c,wildtype,none
36,F6A,C12,TAATGCACTGCGCC,40,2.06,2.23,4,13,520,130,fh_long,12L:12D,5,17,a,wildtype,none
37,BC2,D01,TTGTCGCCGAGACC,74,2.03,2.21,5,13,962,192,b_nd,15L:9D,23,8,b,wildtype,none
38,F1A,D02,ACGAGACGTAGCGC,49,2.03,2.25,NA,13,637,NA,fh_long,12L:12D,14,2,a,wildtype,none
39,FC4,D03,CACGACACATAGAC,117,2.05,2.01,7,13,1521,217,fh_long,15L:9D,23,8,d,wildtype,control
40,B1D,D04,ATCTGCTGTCGCAC,26,1.95,1.7,NA,13,338,NA,b_nd,12L:12D,14,2,d,wildtype,none
41,C5B,D05,ACGCAGTATATGAC,16,2.05,2.1,4,13,208,52,bz,12L:12D,5,17,b,cipc,none
42,B5C,D06,CAGATCTAGACTGA,70,2.04,1.96,4,13,910,228,b_nd,12L:12D,2,14,c,wildtype,none
43,P5B,D07,CTATGTAGACAGAG,17,2.06,2.05,4,13,221,55,fh_long,12L:12D,5,17,b,period,none
44,F1C,D08,CTGCTGCTAGGAAC,79,2.06,2.14,NA,13,1027,NA,fh_long,12L:12D,14,2,c,wildtype,none
45,FN1,D09,TAGACACGTACTCA,164,2.08,2.24,8,12,1968,246,fh_long,12L:8D:2L:2D,23,11,a,wildtype,none
46,FJ2,D10,ACAACGAAGGTTCC,89,2.07,1.68,4,8,712,178,fh_long,15L:9D,23,8,b,wildtype,methoprene
47,B6D,D11,ACAAGTTCGGAACC,45,1.94,1.8,4,13,585,146,b_nd,12L:12D,5,17,d,wildtype,none
48,FJ1,D12,CAGGTTAACCGTAC,63,1.94,1.79,2,8,504,252,fh_long,15L:9D,23,8,a,wildtype,methoprene
49,B7D,E01,TCATACCGAATTGA,17,1.97,1.85,3,13,221,74,b_nd,12L:12D,8,20,d,wildtype,none
50,F1B,E02,CCTCTAATGGCCGC,48,1.97,1.88,NA,13,624,NA,fh_long,12L:12D,14,2,b,wildtype,none
51,F3A,E03,TCAGTCGAGATAGA,27,2.07,2.32,4,13,351,88,fh_long,12L:12D,20,8,a,wildtype,none
52,BN4,E04,CACAGTCGTAGTCG,125,2.08,2.19,7,12,1500,214,b_nd,12L:8D:2L:2D,23,11,d,wildtype,none
53,B2A,E05,TAGTCTATGTGAGC,54,1.97,1.96,NA,13,702,NA,b_nd,12L:12D,17,5,a,wildtype,none
54,B3D,E06,ACCGAAGCAACTAA,43,1.91,1.67,3,13,559,186,b_nd,12L:12D,20,8,d,wildtype,none
55,F4D,E07,TACAGCTCACTGAG,35,2.04,2.2,4,13,455,114,fh_long,12L:12D,23,11,d,wildtype,none
56,F6C,E08,TAGAGCTGAGATCA,24,2.01,2.25,4,13,312,78,fh_long,12L:12D,5,17,c,wildtype,none
57,B7C,E09,CACACTAGCACTGA,25,1.96,1.72,4,13,325,81,b_nd,12L:12D,8,20,c,wildtype,none
58,F5A,E10,CATCGATATCTAGA,27,2.06,2.2,4,13,351,88,fh_long,12L:12D,2,14,a,wildtype,none
59,BN3,E11,ATTGGTTCAAGTCA,110,2.03,2.05,6,12,1320,220,b_nd,12L:8D:2L:2D,23,11,c,wildtype,none
60,F3B,E12,TTCCGTAGGTCTGA,18,2.09,2.27,4,13,234,59,fh_long,12L:12D,20,8,b,wildtype,none
61,FC1,F01,ACGACACATGCTAC,99,2.05,1.96,8,13,1287,161,fh_long,15L:9D,23,8,a,wildtype,control
62,F6B,F02,TCGCAGCCTAGAAG,15,2.07,2.26,3,13,195,65,fh_long,12L:12D,5,17,b,wildtype,none
63,F8C,F03,TACGAGTACAGACA,10,2.22,1.9,3,13,130,43,fh_long,12L:12D,11,23,c,wildtype,none
64,B5B,F04,CTACACTACGAGAC,45,2,1.94,4,13,585,146,b_nd,12L:12D,2,14,b,wildtype,none
65,BJ4,F05,CTATGCATGACGCG,18,1.81,1.14,3,8,144,48,b_nd,15L:9D,23,8,d,wildtype,methoprene
66,B2B,F06,AAGTGGTTGACTAA,29,1.93,1.84,3,13,377,126,b_nd,12L:12D,17,5,b,wildtype,none
67,B4A,F07,ATGCATGCGTCAGA,52,1.94,1.86,4,13,676,169,b_nd,12L:12D,23,11,a,wildtype,none
68,BN1,F08,CCATAACCGGATCC,51,2.01,2.02,4,12,612,153,b_nd,12L:8D:2L:2D,23,11,a,wildtype,none
69,F4B,F09,ATGTTCCTGGTTGA,34,2.06,1.88,3,13,442,147,fh_long,12L:12D,23,11,b,wildtype,none
70,F2D,F10,ATAGACGTCGTGCG,59,1.97,1.91,4,13,767,192,fh_long,12L:12D,17,5,d,wildtype,none
71,F7A,F11,ACCTGGAGAGATAG,32,2.06,2.18,4,13,416,104,fh_long,12L:12D,8,20,a,wildtype,none
72,BC3,F12,TAGCGTTAGTGGAA,61,2.03,1.94,4,13,793,198,b_nd,15L:9D,23,8,c,wildtype,control
73,F2B,G01,TATTCGTTATCGGC,67,2.02,2.18,4,13,871,218,fh_long,12L:12D,17,5,b,wildtype,none
74,ZC1,G02,CACACGTCTCGTAG,14,2.11,1.01,4,13,182,46,bz,15L:9D,23,8,a,wildtype,control
75,B5A,G03,TTGAATATCTGTCC,86,2.08,2.12,4,13,1118,280,b_nd,12L:12D,2,14,a,wildtype,none
76,F5D,G04,TACATGCGTCTGCA,41,2.03,2.28,4,13,533,133,fh_long,12L:12D,2,14,d,wildtype,none
77,B8D,G05,TAATATCAAGGTCC,8,1.97,1.72,4,13,104,26,b_nd,12L:12D,11,23,d,wildtype,none
78,C5C,G06,CTGAGTGCTGGCCA,17,2.13,1.79,4,13,221,55,bz,12L:12D,5,17,c,wildtype,none
79,B2C,G07,ATTCTTCCTTCCAG,28,1.93,1.64,4,13,364,91,b_nd,12L:12D,17,5,c,wildtype,none
80,B4B,G08,CACAGCGATGTAGC,45,1.96,1.79,4,13,585,146,b_nd,12L:12D,23,11,b,wildtype,none
81,P5A,G09,TCTAGTCACGTCAC,14,2.06,1.91,4,13,182,46,fh_long,12L:12D,5,17,a,period,none
82,FC2,G10,CCGAGTGCGTTAAC,183,2.1,2.11,8,13,2379,297,fh_long,15L:9D,23,8,b,wildtype,control
83,B7A,G11,TCGATGATTCTTCC,25,2.02,2.13,3,13,325,108,b_nd,12L:12D,8,20,a,wildtype,none
84,B3C,G12,CTGTACTATCACAG,34,1.96,1.75,4,13,442,111,b_nd,12L:12D,20,8,c,wildtype,none
85,FN2,H01,CCGTAGTTGGACCG,109,2.08,2.19,8,12,1308,164,fh_long,12L:8D:2L:2D,23,11,b,wildtype,none
86,B4D,H02,ATCTGACGAGTCGA,63,1.99,1.99,4,13,819,205,b_nd,12L:12D,23,11,d,wildtype,none
87,F8A,H03,CATATGACGAGTCA,50,2.01,2.29,4,13,650,163,fh_long,12L:12D,11,23,a,wildtype,none
88,F7C,H04,CTTATACACCTCAA,42,2.04,2.3,4,13,546,137,fh_long,12L:12D,8,20,c,wildtype,none
89,P23B,H05,AACAAGTTCGCGCG,10,2.04,1.96,4,13,130,33,fh_long,12L:12D,23,11,b,period,none
90,F3D,H06,TACCGTCTGGAACC,28,2.04,2.26,4,13,364,91,fh_long,12L:12D,20,8,d,wildtype,none
91,ZC2,H07,ATGGTTATGTGGCA,24,2.02,1.87,4,13,312,78,bz,15L:9D,23,8,b,wildtype,control
92,B2,H08,TCTCGCGGTCAAGC,8,2.06,2.17,NA,13,104,NA,b_nd,12L:12D,17,5,d,wildtype,none
93,B4C,H09,AAGCATATTCATGG,63,1.99,1.54,4,13,819,205,b_nd,12L:12D,23,11,c,wildtype,none
94,FN4,H10,ACACGAGCGACGCA,125,2.07,2.31,6,12,1500,250,fh_long,12L:8D:2L:2D,23,11,d,wildtype,none
95,C5A,H11,TTCGGCGTTGGACC,19,2.08,1.99,4,13,247,62,bz,12L:12D,5,17,a,cipc,none
96,B7B,H12,CAGCGTATCTATCA,11,1.94,1.61,3,13,143,48,b_nd,12L:12D,8,20,b,wildtype,none
