"","family","sex","mortality_final","pdd","dev","mass_mg","azt","period","ld","year"
"1","ah18",NA,"moth",12,NA,52,NA,"mutant","12L12D",2022
"2","ah18","male","moth",24,10,53,4,"mutant","12L12D",2022
"3","ah18","male","moth",40,9,61,21.75,"wt","12L12D",2022
"4","ah18","male","moth",12,8,52,22.25,"mutant","12L12D",2022
"5","ah18","male","moth",24,8,59,22.75,"mutant","12L12D",2022
"6","ah18","male","moth",22,10,59,2,"mutant","12L12D",2022
"7","ah18","male","moth",58,NA,76,NA,"wt","12L12D",2022
"8","ah18","male","moth",14,10,52,0,"mutant","12L12D",2022
"9","ah18","male","moth",18,10,60,4,"mutant","12L12D",2022
"10","ah18","male","moth",18,9,53,17.75,"wt","12L12D",2022
"11","ah18","male","moth",42,8,51,20.5,"wt","12L12D",2022
"12","ah18","male","moth",26,NA,53,NA,"wt","12L12D",2022
"13","ah18","male","moth",30,9,60,0.25,"mutant","12L12D",2022
"14","ah18","male","moth",20,8,66,21.25,"mutant","12L12D",2022
"15","ah18","male","moth",20,10,44,18.5,"mutant","12L12D",2022
"16","ah18","male","moth",18,8,60,0,"mutant","12L12D",2022
"17","ah18","male","moth",24,10,73,2,"mutant","12L12D",2022
"18","ah18","male","moth",24,NA,58,NA,"wt","12L12D",2022
"19","ah18",NA,"moth",16,NA,60,NA,"mutant","12L12D",2022
"20","ah18","male","moth",38,9,70,20.25,"wt","12L12D",2022
"21","ah18","male","moth",20,11,76,20.25,"mutant","12L12D",2022
"22","ah18","male","moth",22,10,81,7.25,"mutant","12L12D",2022
"23","ah18","male","moth",28,10,62,17,"wt","12L12D",2022
"24","ah18","male","moth",28,8,71,19.75,"mutant","12L12D",2022
"25","ah18","male","moth",34,11,64,14,"mutant","12L12D",2022
"26","ah18","male","moth",42,10,61,18.75,"wt","12L12D",2022
"27","ah18","male","moth",30,NA,62,NA,"mutant","12L12D",2022
"28","ah18","male","moth",26,8,58,22.5,"mutant","12L12D",2022
"29","ah18",NA,"moth",14,8,71,23,"mutant","12L12D",2022
"30","ah18","male","moth",22,10,73,3.75,"mutant","12L12D",2022
"31","ah18","male","moth",34,10,79,21,"mutant","12L12D",2022
"32","ah18","male","moth",20,11,60,0.5,"mutant","12L12D",2022
"33","ah18","male","moth",48,NA,44,NA,"mutant","12L12D",2022
"34","ah18","male","moth",62,NA,77,NA,"mutant","12L12D",2022
"35","ah18","male","moth",30,9,58,23.5,"mutant","12L12D",2022
"36","ah18","male","moth",10,10,45,3.25,"mutant","12L12D",2022
"37","ah18","male","moth",34,9,55,20,"mutant","12L12D",2022
"38","ah18","male","moth",34,9,78,23.75,"mutant","12L12D",2022
"39","ah18","male","moth",26,9,67,18.5,"mutant","12L12D",2022
"40","ah18","male","moth",38,9,66,23,"wt","12L12D",2022
"41","ah18","male","moth",22,9,67,0.5,"mutant","12L12D",2022
"42","ah18","male","moth",32,8,51,18.75,"wt","12L12D",2022
"43","ah18","male","moth",12,10,33,23,"mutant","12L12D",2022
"44","ah18","male","moth",34,10,56,21,"mutant","12L12D",2022
"45","ah18","male","moth",66,NA,74,NA,"mutant","12L12D",2022
"46","ah18","male","moth",16,6,67,1,"mutant","12L12D",2022
"47","ah18","male","moth",40,12,54,21,"mutant","12L12D",2022
"48","ah18","male","moth",30,10,64,0.5,"mutant","12L12D",2022
"49","ah18","male","moth",38,11,77,15.5,"wt","12L12D",2022
"50","ah18","male","moth",34,10,67,22.25,"mutant","12L12D",2022
"51","ah18","male","moth",46,9,65,18.5,"wt","12L12D",2022
"52","ah18","male","moth",12,10,52,16.75,"mutant","12L12D",2022
"53","ah18","male","moth",30,9,71,23,"mutant","12L12D",2022
"54","dh63","male","moth",26,9,54,9.75,"wt","12L12D",2022
"55","dh63","male","moth",12,10,80,1.5,"wt","12L12D",2022
"56","dh63","male","moth",30,8,72,23,"wt","12L12D",2022
"57","dh63","male","moth",28,8,86,17,"mutant","12L12D",2022
"58","dh63","male","moth",14,9,56,10.75,"mutant","12L12D",2022
"59","dh63","male","moth",10,9,66,19.25,"mutant","12L12D",2022
"60","dh63","male","moth",34,8,70,22.25,"mutant","12L12D",2022
"61","a17_h","male","moth",18,NA,80,NA,"wt","12L12D",2022
"62","a17_h","male","moth",26,8,71,19.25,"wt","12L12D",2022
"63","a17_h","male","moth",18,9,61,0.75,"mutant","12L12D",2022
"64","a17_h","male","moth",14,9,67,5.75,"mutant","12L12D",2022
"65","a17_h","male","moth",28,10,77,4.25,"wt","12L12D",2022
"66","a17_h","male","moth",20,10,58,20.25,"wt","12L12D",2022
"67","a17_h","male","moth",20,9,78,23.75,"wt","12L12D",2022
"68","a17_h","male","moth",18,10,67,1.75,"wt","12L12D",2022
"69","a17_h","male","moth",22,10,91,3.5,"wt","12L12D",2022
"70","a17_h","male","moth",22,10,85,16.5,"wt","12L12D",2022
"71","a17_h","male","moth",14,9,70,8.25,"wt","12L12D",2022
"72","a17_h","male","moth",20,8,72,19.75,"wt","12L12D",2022
"73","a17_h","male","moth",18,10,62,1.75,"wt","12L12D",2022
"74","a17_h","male","moth",16,9,80,23,"mutant","12L12D",2022
"75","a17_h","male","moth",24,9,64,1.75,"wt","12L12D",2022
"76","a17_h","male","moth",26,9,74,10.25,"wt","12L12D",2022
"77","a17_h","male","moth",26,8,74,22.25,"mutant","12L12D",2022
"78","a17_h","male","moth",18,9,83,6.25,"wt","12L12D",2022
"79","a17_h","male","moth",22,8,66,23.25,"wt","12L12D",2022
"80","a17_h","male","moth",28,9,69,20,"wt","12L12D",2022
"81","a17_h","male","moth",34,9,61,20.75,"wt","12L12D",2022
"82","a17_h","male","moth",26,9,70,17.25,"wt","12L12D",2022
"83","a17_h","male","moth",24,10,61,1.25,"wt","12L12D",2022
"84","a17_h",NA,"moth",22,8,68,23.5,"mutant","12L12D",2022
"85","a17_h","male","moth",24,8,72,23.75,"wt","12L12D",2022
"86","a17_h","male","moth",16,8,53,0.25,"wt","12L12D",2022
"87","a17_h","male","moth",22,9,52,2,"wt","12L12D",2022
"88","a17_h","male","moth",28,8,77,18.25,"wt","12L12D",2022
"89","a17_h","male","moth",20,9,57,20.5,"wt","12L12D",2022
"90","a17_h","male","moth",18,9,71,8,"wt","12L12D",2022
"91","a17_h","male","moth",22,8,73,11.25,"wt","12L12D",2022
"92","a17_h","male","moth",34,9,70,18.25,"wt","12L12D",2022
"93","a17_h","male","moth",22,9,67,20,"wt","12L12D",2022
"94","a17_h","male","moth",18,9,70,19.75,"wt","12L12D",2022
"95","a17_h","male","moth",26,9,60,17,"wt","12L12D",2022
"96","a17_h","male","moth",28,9,69,7.25,"wt","12L12D",2022
"97","a17_h","male","moth",22,9,74,19.5,"wt","12L12D",2022
"98","a17_h","male","moth",18,9,58,5.75,"wt","12L12D",2022
"99","a17_h","male","moth",18,9,76,21.25,"wt","12L12D",2022
"100","a17_h","male","moth",18,8,67,23.25,"wt","12L12D",2022
"101","a17_h","male","moth",32,9,85,2.5,"wt","12L12D",2022
"102","a17_h","male","moth",18,8,72,22.5,"wt","12L12D",2022
"103","ch27","male","moth",16,9,64,9.25,"wt","12L12D",2022
"104","ch27","male","moth",22,9,77,1.75,"wt","12L12D",2022
"105","ch27","male","moth",26,9,55,22.5,"wt","12L12D",2022
"106","ch27","male","moth",32,9,57,23,"mutant","12L12D",2022
"107","ch27","male","moth",22,9,59,8,"wt","12L12D",2022
"108","ch27","male","moth",46,7,75,3,"wt","12L12D",2022
"109","ch27","male","moth",12,10,72,20.75,"wt","12L12D",2022
"110","ch27","male","moth",46,7,87,23.75,"wt","12L12D",2022
"111","ch27","male","moth",26,8,76,4.75,"wt","12L12D",2022
"112","ch27","male","moth",18,9,76,22.25,"wt","12L12D",2022
"113","ch27","male","moth",22,10,67,2.75,"mutant","12L12D",2022
"114","ch27","male","moth",44,NA,75,NA,"wt","12L12D",2022
"115","ch27","male","moth",18,NA,66,NA,"wt","12L12D",2022
"116","ch27","male","moth",42,10,66,0,"wt","12L12D",2022
"117","ch27","male","moth",18,10,75,16.25,"mutant","12L12D",2022
"118","ch27","male","moth",22,10,67,2.25,"wt","12L12D",2022
"119","ch27","male","moth",18,9,78,11,"wt","12L12D",2022
"120","ch27","male","moth",30,10,73,0,"mutant","12L12D",2022
"121","ch27","male","moth",16,9,69,23.25,"mutant","12L12D",2022
